{
  "DELETE USER" : {
    "transaction" : "DELETE USER",
    "sampleCount" : 800,
    "errorCount" : 0,
    "errorPct" : 0.0,
    "meanResTime" : 433.28000000000003,
    "medianResTime" : 432.0,
    "minResTime" : 394.0,
    "maxResTime" : 524.0,
    "pct1ResTime" : 458.0,
    "pct2ResTime" : 466.0,
    "pct3ResTime" : 494.93000000000006,
    "throughput" : 28.414136032676257,
    "receivedKBytesPerSec" : 17.082195657964835,
    "sentKBytesPerSec" : 5.660628662759723
  },
  "GET LIST USERS" : {
    "transaction" : "GET LIST USERS",
    "sampleCount" : 800,
    "errorCount" : 0,
    "errorPct" : 0.0,
    "meanResTime" : 76.29124999999988,
    "medianResTime" : 61.0,
    "minResTime" : 57.0,
    "maxResTime" : 652.0,
    "pct1ResTime" : 171.0,
    "pct2ResTime" : 181.0,
    "pct3ResTime" : 237.6700000000003,
    "throughput" : 28.663561447509853,
    "receivedKBytesPerSec" : 48.94674007972053,
    "sentKBytesPerSec" : 3.442986384808312
  },
  "GET SINGLE USER" : {
    "transaction" : "GET SINGLE USER",
    "sampleCount" : 800,
    "errorCount" : 0,
    "errorPct" : 0.0,
    "meanResTime" : 63.56375000000004,
    "medianResTime" : 61.0,
    "minResTime" : 56.0,
    "maxResTime" : 356.0,
    "pct1ResTime" : 68.0,
    "pct2ResTime" : 70.0,
    "pct3ResTime" : 86.0,
    "throughput" : 28.96451846488052,
    "receivedKBytesPerSec" : 28.21989839790007,
    "sentKBytesPerSec" : 3.337708182476466
  },
  "POST USERS" : {
    "transaction" : "POST USERS",
    "sampleCount" : 800,
    "errorCount" : 1,
    "errorPct" : 0.125,
    "meanResTime" : 432.83000000000004,
    "medianResTime" : 430.0,
    "minResTime" : 395.0,
    "maxResTime" : 1767.0,
    "pct1ResTime" : 456.0,
    "pct2ResTime" : 463.0,
    "pct3ResTime" : 485.0,
    "throughput" : 28.52761830046714,
    "receivedKBytesPerSec" : 19.85671279374532,
    "sentKBytesPerSec" : 5.933967478515138
  },
  "Total" : {
    "transaction" : "Total",
    "sampleCount" : 4800,
    "errorCount" : 1,
    "errorPct" : 0.020833334,
    "meanResTime" : 311.4106249999996,
    "medianResTime" : 417.0,
    "minResTime" : 56.0,
    "maxResTime" : 1767.0,
    "pct1ResTime" : 451.0,
    "pct2ResTime" : 460.0,
    "pct3ResTime" : 481.9899999999998,
    "throughput" : 159.25680159256802,
    "receivedKBytesPerSec" : 141.73667416639017,
    "sentKBytesPerSec" : 28.564615129396152
  },
  "PATCH USER" : {
    "transaction" : "PATCH USER",
    "sampleCount" : 800,
    "errorCount" : 0,
    "errorPct" : 0.0,
    "meanResTime" : 430.8987500000001,
    "medianResTime" : 429.0,
    "minResTime" : 394.0,
    "maxResTime" : 699.0,
    "pct1ResTime" : 456.0,
    "pct2ResTime" : 465.0,
    "pct3ResTime" : 490.98,
    "throughput" : 28.44141069397042,
    "receivedKBytesPerSec" : 19.352935686860068,
    "sentKBytesPerSec" : 6.193783774175199
  },
  "PUT USER" : {
    "transaction" : "PUT USER",
    "sampleCount" : 800,
    "errorCount" : 0,
    "errorPct" : 0.0,
    "meanResTime" : 431.59999999999974,
    "medianResTime" : 428.0,
    "minResTime" : 392.0,
    "maxResTime" : 1458.0,
    "pct1ResTime" : 454.0,
    "pct2ResTime" : 461.0,
    "pct3ResTime" : 480.99,
    "throughput" : 28.52660105548424,
    "receivedKBytesPerSec" : 19.407212215625446,
    "sentKBytesPerSec" : 6.1566199543574385
  }
}