{
  "DELETE USER" : {
    "transaction" : "DELETE USER",
    "sampleCount" : 2000,
    "errorCount" : 0,
    "errorPct" : 0.0,
    "meanResTime" : 454.42549999999994,
    "medianResTime" : 432.0,
    "minResTime" : 391.0,
    "maxResTime" : 15574.0,
    "pct1ResTime" : 461.0,
    "pct2ResTime" : 476.0,
    "pct3ResTime" : 754.9000000000001,
    "throughput" : 56.69898508816692,
    "receivedKBytesPerSec" : 34.078304842093324,
    "sentKBytesPerSec" : 11.295500935533253
  },
  "GET LIST USERS" : {
    "transaction" : "GET LIST USERS",
    "sampleCount" : 2000,
    "errorCount" : 0,
    "errorPct" : 0.0,
    "meanResTime" : 101.91749999999973,
    "medianResTime" : 66.0,
    "minResTime" : 56.0,
    "maxResTime" : 4191.0,
    "pct1ResTime" : 186.9000000000001,
    "pct2ResTime" : 232.89999999999964,
    "pct3ResTime" : 619.5700000000004,
    "throughput" : 57.120009139201464,
    "receivedKBytesPerSec" : 97.54435279459643,
    "sentKBytesPerSec" : 6.861094847775175
  },
  "GET SINGLE USER" : {
    "transaction" : "GET SINGLE USER",
    "sampleCount" : 2000,
    "errorCount" : 0,
    "errorPct" : 0.0,
    "meanResTime" : 78.32850000000015,
    "medianResTime" : 64.0,
    "minResTime" : 56.0,
    "maxResTime" : 4411.0,
    "pct1ResTime" : 78.0,
    "pct2ResTime" : 88.94999999999982,
    "pct3ResTime" : 336.99,
    "throughput" : 58.23603063215211,
    "receivedKBytesPerSec" : 56.72877524167952,
    "sentKBytesPerSec" : 6.710792592376903
  },
  "POST USERS" : {
    "transaction" : "POST USERS",
    "sampleCount" : 2000,
    "errorCount" : 2,
    "errorPct" : 0.1,
    "meanResTime" : 452.00049999999993,
    "medianResTime" : 432.0,
    "minResTime" : 390.0,
    "maxResTime" : 4683.0,
    "pct1ResTime" : 461.0,
    "pct2ResTime" : 473.0,
    "pct3ResTime" : 736.96,
    "throughput" : 57.49770009199632,
    "receivedKBytesPerSec" : 40.03038730989823,
    "sentKBytesPerSec" : 11.959970819917205
  },
  "Total" : {
    "transaction" : "Total",
    "sampleCount" : 12000,
    "errorCount" : 11,
    "errorPct" : 0.09166667,
    "meanResTime" : 330.4254999999992,
    "medianResTime" : 419.0,
    "minResTime" : 56.0,
    "maxResTime" : 15574.0,
    "pct1ResTime" : 455.0,
    "pct2ResTime" : 466.0,
    "pct3ResTime" : 730.9899999999998,
    "throughput" : 321.6295899222729,
    "receivedKBytesPerSec" : 286.32856996281157,
    "sentKBytesPerSec" : 57.68811980702224
  },
  "PATCH USER" : {
    "transaction" : "PATCH USER",
    "sampleCount" : 2000,
    "errorCount" : 6,
    "errorPct" : 0.3,
    "meanResTime" : 447.9814999999998,
    "medianResTime" : 432.0,
    "minResTime" : 392.0,
    "maxResTime" : 4711.0,
    "pct1ResTime" : 461.0,
    "pct2ResTime" : 473.0,
    "pct3ResTime" : 937.2200000000016,
    "throughput" : 56.84240443370755,
    "receivedKBytesPerSec" : 38.73698841836009,
    "sentKBytesPerSec" : 12.378765809293732
  },
  "PUT USER" : {
    "transaction" : "PUT USER",
    "sampleCount" : 2000,
    "errorCount" : 3,
    "errorPct" : 0.15,
    "meanResTime" : 447.89950000000005,
    "medianResTime" : 429.0,
    "minResTime" : 392.0,
    "maxResTime" : 4450.0,
    "pct1ResTime" : 459.0,
    "pct2ResTime" : 471.9499999999998,
    "pct3ResTime" : 941.8200000000002,
    "throughput" : 57.02229571762559,
    "receivedKBytesPerSec" : 38.82672617180818,
    "sentKBytesPerSec" : 12.306569681245367
  }
}