{
  "DELETE USER" : {
    "transaction" : "DELETE USER",
    "sampleCount" : 1000,
    "errorCount" : 0,
    "errorPct" : 0.0,
    "meanResTime" : 431.7599999999995,
    "medianResTime" : 429.0,
    "minResTime" : 392.0,
    "maxResTime" : 721.0,
    "pct1ResTime" : 455.0,
    "pct2ResTime" : 462.0,
    "pct3ResTime" : 519.8700000000001,
    "throughput" : 37.873049537948795,
    "receivedKBytesPerSec" : 22.765475283101047,
    "sentKBytesPerSec" : 7.545021587638237
  },
  "GET LIST USERS" : {
    "transaction" : "GET LIST USERS",
    "sampleCount" : 1000,
    "errorCount" : 0,
    "errorPct" : 0.0,
    "meanResTime" : 84.45200000000006,
    "medianResTime" : 64.0,
    "minResTime" : 56.0,
    "maxResTime" : 853.0,
    "pct1ResTime" : 181.89999999999998,
    "pct2ResTime" : 197.94999999999993,
    "pct3ResTime" : 430.95000000000005,
    "throughput" : 37.225924133566615,
    "receivedKBytesPerSec" : 63.56624644027101,
    "sentKBytesPerSec" : 4.471473309012397
  },
  "GET SINGLE USER" : {
    "transaction" : "GET SINGLE USER",
    "sampleCount" : 1000,
    "errorCount" : 0,
    "errorPct" : 0.0,
    "meanResTime" : 67.31000000000006,
    "medianResTime" : 62.0,
    "minResTime" : 57.0,
    "maxResTime" : 366.0,
    "pct1ResTime" : 72.0,
    "pct2ResTime" : 80.94999999999993,
    "pct3ResTime" : 316.98,
    "throughput" : 38.3670963781461,
    "receivedKBytesPerSec" : 37.373748273480665,
    "sentKBytesPerSec" : 4.42120837170043
  },
  "POST USERS" : {
    "transaction" : "POST USERS",
    "sampleCount" : 1000,
    "errorCount" : 0,
    "errorPct" : 0.0,
    "meanResTime" : 432.0499999999996,
    "medianResTime" : 428.0,
    "minResTime" : 391.0,
    "maxResTime" : 729.0,
    "pct1ResTime" : 455.0,
    "pct2ResTime" : 463.0,
    "pct3ResTime" : 527.8000000000002,
    "throughput" : 37.87448396015605,
    "receivedKBytesPerSec" : 26.35353937052608,
    "sentKBytesPerSec" : 7.878188558118396
  },
  "Total" : {
    "transaction" : "Total",
    "sampleCount" : 6000,
    "errorCount" : 2,
    "errorPct" : 0.033333335,
    "meanResTime" : 312.48116666666806,
    "medianResTime" : 416.0,
    "minResTime" : 56.0,
    "maxResTime" : 853.0,
    "pct1ResTime" : 450.0,
    "pct2ResTime" : 459.0,
    "pct3ResTime" : 490.9899999999998,
    "throughput" : 209.68756552736423,
    "receivedKBytesPerSec" : 186.6234349881177,
    "sentKBytesPerSec" : 37.609976759628154
  },
  "PATCH USER" : {
    "transaction" : "PATCH USER",
    "sampleCount" : 1000,
    "errorCount" : 1,
    "errorPct" : 0.1,
    "meanResTime" : 431.50000000000017,
    "medianResTime" : 429.0,
    "minResTime" : 391.0,
    "maxResTime" : 716.0,
    "pct1ResTime" : 455.0,
    "pct2ResTime" : 463.0,
    "pct3ResTime" : 507.0,
    "throughput" : 37.898885772758284,
    "receivedKBytesPerSec" : 25.793300661335557,
    "sentKBytesPerSec" : 8.253370632153414
  },
  "PUT USER" : {
    "transaction" : "PUT USER",
    "sampleCount" : 1000,
    "errorCount" : 1,
    "errorPct" : 0.1,
    "meanResTime" : 427.81500000000034,
    "medianResTime" : 425.0,
    "minResTime" : 390.0,
    "maxResTime" : 709.0,
    "pct1ResTime" : 452.0,
    "pct2ResTime" : 463.94999999999993,
    "pct3ResTime" : 522.8700000000001,
    "throughput" : 37.91756720888788,
    "receivedKBytesPerSec" : 25.816531111363894,
    "sentKBytesPerSec" : 8.183381204261934
  }
}