{
  "DELETE USER" : {
    "transaction" : "DELETE USER",
    "sampleCount" : 4000,
    "errorCount" : 0,
    "errorPct" : 0.0,
    "meanResTime" : 531.8829999999994,
    "medianResTime" : 435.0,
    "minResTime" : 391.0,
    "maxResTime" : 13428.0,
    "pct1ResTime" : 702.0,
    "pct2ResTime" : 940.9499999999998,
    "pct3ResTime" : 2346.9199999999983,
    "throughput" : 74.78452708134687,
    "receivedKBytesPerSec" : 44.953643817656626,
    "sentKBytesPerSec" : 14.898480004487071
  },
  "GET LIST USERS" : {
    "transaction" : "GET LIST USERS",
    "sampleCount" : 4000,
    "errorCount" : 0,
    "errorPct" : 0.0,
    "meanResTime" : 335.3620000000008,
    "medianResTime" : 66.0,
    "minResTime" : 56.0,
    "maxResTime" : 33076.0,
    "pct1ResTime" : 506.9000000000001,
    "pct2ResTime" : 1067.7999999999993,
    "pct3ResTime" : 4414.159999999982,
    "throughput" : 74.26248073816906,
    "receivedKBytesPerSec" : 126.80695700202365,
    "sentKBytesPerSec" : 8.920200323041792
  },
  "GET SINGLE USER" : {
    "transaction" : "GET SINGLE USER",
    "sampleCount" : 4000,
    "errorCount" : 0,
    "errorPct" : 0.0,
    "meanResTime" : 180.6892499999998,
    "medianResTime" : 63.0,
    "minResTime" : 56.0,
    "maxResTime" : 16694.0,
    "pct1ResTime" : 331.0,
    "pct2ResTime" : 440.5999999999949,
    "pct3ResTime" : 2049.9799999999996,
    "throughput" : 75.31112910210307,
    "receivedKBytesPerSec" : 73.36267427465968,
    "sentKBytesPerSec" : 8.678430892625158
  },
  "POST USERS" : {
    "transaction" : "POST USERS",
    "sampleCount" : 4000,
    "errorCount" : 12,
    "errorPct" : 0.3,
    "meanResTime" : 561.8289999999998,
    "medianResTime" : 434.0,
    "minResTime" : 391.0,
    "maxResTime" : 18041.0,
    "pct1ResTime" : 700.0,
    "pct2ResTime" : 948.9499999999998,
    "pct3ResTime" : 2601.949999999999,
    "throughput" : 74.81949796116868,
    "receivedKBytesPerSec" : 52.14349093748831,
    "sentKBytesPerSec" : 15.563040103250906
  },
  "Total" : {
    "transaction" : "Total",
    "sampleCount" : 24000,
    "errorCount" : 27,
    "errorPct" : 0.1125,
    "meanResTime" : 448.82145833333385,
    "medianResTime" : 425.0,
    "minResTime" : 56.0,
    "maxResTime" : 33239.0,
    "pct1ResTime" : 701.0,
    "pct2ResTime" : 961.0,
    "pct3ResTime" : 3603.8100000000304,
    "throughput" : 431.5770544866031,
    "receivedKBytesPerSec" : 384.240307779626,
    "sentKBytesPerSec" : 77.40851465563748
  },
  "PATCH USER" : {
    "transaction" : "PATCH USER",
    "sampleCount" : 4000,
    "errorCount" : 8,
    "errorPct" : 0.2,
    "meanResTime" : 537.1819999999991,
    "medianResTime" : 435.0,
    "minResTime" : 392.0,
    "maxResTime" : 17595.0,
    "pct1ResTime" : 702.0,
    "pct2ResTime" : 941.8999999999996,
    "pct3ResTime" : 2368.909999999998,
    "throughput" : 74.78592528886064,
    "receivedKBytesPerSec" : 50.93765044824814,
    "sentKBytesPerSec" : 16.286388026773363
  },
  "PUT USER" : {
    "transaction" : "PUT USER",
    "sampleCount" : 4000,
    "errorCount" : 7,
    "errorPct" : 0.175,
    "meanResTime" : 545.9834999999996,
    "medianResTime" : 431.0,
    "minResTime" : 392.0,
    "maxResTime" : 33239.0,
    "pct1ResTime" : 698.0,
    "pct2ResTime" : 934.0,
    "pct3ResTime" : 2488.9399999999987,
    "throughput" : 74.79851150962095,
    "receivedKBytesPerSec" : 50.94352040363147,
    "sentKBytesPerSec" : 16.143038128541242
  }
}